[
    {
        "MachineType": "Acorn BBC",
        "Mode": "0",
        "NumColours": 2,
        "Width": 640,
        "Height": 256,
        "BitsPerPixel": 1,
        "PixelSize": 1,
        "ShortDesc": "BBC Mode 0",
        "Description": "Acorn BBC Mode 0 (640 x 256 Pixels, 2  Colours)"
    },
    {
        "MachineType": "Acorn BBC",
        "Mode": "1",
        "NumColours": 4,
        "Width": 320,
        "Height": 256,
        "BitsPerPixel": 2,
        "PixelSize": 1,
        "ShortDesc": "BBC Mode 1",
        "Description": "Acorn BBC Mode 1 (320 x 256 Pixels, 4  Colours)"
    },
    {
        "MachineType": "Acorn BBC",
        "Mode": "2",
        "NumColours": 16,
        "Width": 160,
        "Height": 256,
        "BitsPerPixel": 4,
        "PixelSize": 2,
        "ShortDesc": "BBC Mode 2",
        "Description": "Acorn BBC Mode 2 (160 x 256 Pixels, 16 Colours)"
    },
    {
        "MachineType": "Acorn BBC",
        "Mode": "4",
        "NumColours": 2,
        "Width": 320,
        "Height": 256,
        "BitsPerPixel": 1,
        "PixelSize": 1,
        "ShortDesc": "BBC Mode 4",
        "Description": "Acorn BBC Mode 4 (320 x 256 Pixels, 2  Colours)"
    },
    {
        "MachineType": "Acorn BBC",
        "Mode": "5",
        "NumColours": 4,
        "Width": 160,
        "Height": 256,
        "BitsPerPixel": 2,
        "PixelSize": 2,
        "ShortDesc": "BBC Mode 5",
        "Description": "Acorn BBC Mode 5 (160 x 256 Pixels, 4  Colours)"
    },
    {
        "MachineType": "Acorn Atom",
        "Mode": "0",
        "NumColours": 2,
        "Width": 64,
        "Height": 48,
        "BitsPerPixel": 1,
        "PixelSize": 1,
        "ShortDesc": "Atom Mode 0",
        "Description": "Acorn Atom Mode 0 (64 x 48 Pixels, 2  Colours)"
    },
    {
        "MachineType": "Acorn Atom",
        "Mode": "1a",
        "NumColours": 4,
        "Width": 64,
        "Height": 64,
        "BitsPerPixel": 2,
        "PixelSize": 2,
        "ShortDesc": "Atom Mode 1a",
        "Description": "Acorn Atom Mode 1a (64 x 64 Pixels, 4  Colours)"
    },
    {
        "MachineType": "Acorn Atom",
        "Mode": "1",
        "NumColours": 2,
        "Width": 128,
        "Height": 64,
        "BitsPerPixel": 1,
        "PixelSize": 1,
        "ShortDesc": "Atom Mode 1",
        "Description": "Acorn Atom Mode 1 (128 x 64 Pixels, 2  Colours)"
    },
    {
        "MachineType": "Acorn Atom",
        "Mode": "2a",
        "NumColours": 4,
        "Width": 128,
        "Height": 64,
        "BitsPerPixel": 2,
        "PixelSize": 2,
        "ShortDesc": "Atom Mode 2a",
        "Description": "Acorn Atom Mode 2a (128 x 64 Pixels, 4  Colours)"
    },
    {
        "MachineType": "Acorn Atom",
        "Mode": "2",
        "NumColours": 2,
        "Width": 128,
        "Height": 96,
        "BitsPerPixel": 1,
        "PixelSize": 1,
        "ShortDesc": "Atom Mode 2",
        "Description": "Acorn Atom Mode 2 (128 x 96 Pixels, 2  Colours)"
    },
    {
        "MachineType": "Acorn Atom",
        "Mode": "3a",
        "NumColours": 4,
        "Width": 128,
        "Height": 96,
        "BitsPerPixel": 2,
        "PixelSize": 2,
        "ShortDesc": "Atom Mode 3a",
        "Description": "Acorn Atom Mode 3a (128 x 96 Pixels, 4  Colours)"
    },
    {
        "MachineType": "Acorn Atom",
        "Mode": "3",
        "NumColours": 2,
        "Width": 128,
        "Height": 192,
        "BitsPerPixel": 1,
        "PixelSize": 1,
        "ShortDesc": "Atom Mode 3",
        "Description": "Acorn Atom Mode 3 (128 x 192 Pixels, 2  Colours)"
    },
    {
        "MachineType": "Acorn Atom",
        "Mode": "4a",
        "NumColours": 4,
        "Width": 128,
        "Height": 192,
        "BitsPerPixel": 2,
        "PixelSize": 2,
        "ShortDesc": "Atom Mode 4a",
        "Description": "Acorn Atom Mode 4a (128 x 192 Pixels, 4  Colours)"
    },
    {
        "MachineType": "Acorn Atom",
        "Mode": "4",
        "NumColours": 2,
        "Width": 256,
        "Height": 192,
        "BitsPerPixel": 1,
        "PixelSize": 1,
        "ShortDesc": "Atom Mode 4",
        "Description": "Acorn Atom Mode 4 (256 x 192 Pixels, 2  Colours)"
    }
]